,MAE,RMSE,MAPE,AIC,BIC
Holt-Winters,0.5528448808333737,0.7880307698223602,48.478574230741515,,
Seasonal_Naive,0.6768475833333334,0.9391644840805754,75.96658371430364,,
"ARIMA(1,0,1)",0.6811252034774601,0.8430727540110987,96.14579854506925,2795.1742213871767,2816.685257020088
Naive,0.8798591666666666,1.1997090236756949,55.39845549970991,,
