,MAE,RMSE,MAPE,AIC,BIC
Holt-Winters,0.5531161303125165,0.7882908050854137,48.496779795879235,,
Seasonal_Naive,0.6768475833333334,0.9391644840805754,75.96658371430364,,
"ARIMA(1,0,1)",0.6811252034761403,0.8430727540018012,96.14579855090349,2795.174221387175,2816.6852570200863
Naive,0.8798591666666666,1.1997090236756949,55.39845549970991,,
